Gate_Type,Fan_In,Fan_Out,Num_Gates,Path_Length,Logic_Depth
NOT,3,2,3,5,8.53526391083846
NOT,3,4,3,7,3.7335018461468406
OR,2,3,3,5,9.627161524049692
