Gate_Type,Fan_In,Fan_Out,Num_Gates,Path_Length,Logic_Depth
XOR,1,4,6,7,2.2191489013896444
XOR,3,1,6,3,6.739887908867201
NOT,3,4,6,3,2.0641107431812795
OR,1,2,6,3,5.134082023346773
AND,1,2,6,8,7.803686187290058
XOR,3,4,6,5,4.534305759161041
