Gate_Type,Fan_In,Fan_Out,Num_Gates,Path_Length,Logic_Depth
NOT,2,3,5,7,4.626242994929189
XOR,3,1,5,8,9.897385827470973
OR,1,1,5,10,3.8461951120295508
OR,1,1,5,10,8.010721580091406
OR,1,2,5,1,9.32605833587282
