Gate_Type,Fan_In,Fan_Out,Num_Gates,Path_Length,Logic_Depth
AND,2,1,6,5,5.412979575055803
AND,2,1,6,5,3.0235665546981148
OR,3,1,6,2,7.3799442282636285
OR,2,3,6,6,6.196267771528977
NOT,2,1,6,8,9.604180488467732
OR,3,3,6,8,7.077848200984399
