Gate_Type,Fan_In,Fan_Out,Num_Gates,Path_Length,Logic_Depth
XOR,2,3,6,1,8.0429269445135
OR,2,4,6,6,5.707391250661019
XOR,2,1,6,10,9.605974687012637
OR,3,4,6,10,3.1422314618035667
XOR,2,2,6,9,5.84099920254309
OR,1,1,6,9,8.798214326860034
