Gate_Type,Fan_In,Fan_Out,Num_Gates,Path_Length,Logic_Depth
AND,2,2,5,6,3.224022770601712
OR,2,4,5,5,1.034600113882743
OR,2,4,5,6,2.8937767617497903
OR,2,4,5,3,2.6122163107719154
OR,2,3,5,3,2.042048294162616
